{"cameraMode":{"drawMode":0,"name":"Shaded","section":"Shading Mode"},"sceneLighting":true,"audioPlay":false,"sceneViewState":{"showFog":true,"showMaterialUpdate":false,"showSkybox":true,"showFlares":true,"showImageEffects":true,"showParticleSystems":true},"in2DMode":false,"pivot":{"x":3.679605484008789,"y":-5.6992292404174809,"z":18.023263931274415},"rotation":{"x":-0.03298254683613777,"y":-0.13838134706020356,"z":0.004611221142113209,"w":-0.9898189306259155},"size":50.79738235473633,"orthographic":false}