{"cameraMode":{"drawMode":0,"name":"Shaded","section":"Shading Mode"},"sceneLighting":false,"audioPlay":false,"sceneViewState":{"showFog":true,"showMaterialUpdate":false,"showSkybox":false,"showFlares":true,"showImageEffects":true,"showParticleSystems":true},"in2DMode":false,"pivot":{"x":-2.3380799293518068,"y":0.8824721574783325,"z":-0.08774876594543457},"rotation":{"x":0.024039732292294503,"y":0.6366868615150452,"z":0.01986508071422577,"w":-0.7704917192459106},"size":6.509511947631836,"orthographic":false}