{"cameraMode":{"drawMode":0,"name":"Shaded","section":"Shading Mode"},"sceneLighting":true,"audioPlay":false,"sceneViewState":{"showFog":true,"showMaterialUpdate":false,"showSkybox":true,"showFlares":true,"showImageEffects":true,"showParticleSystems":true},"in2DMode":false,"pivot":{"x":-0.21506375074386598,"y":-9.490667343139649,"z":15.757078170776368},"rotation":{"x":-0.07522314041852951,"y":-0.020344842225313188,"z":0.0015351374167948962,"w":-0.9969580173492432},"size":8.5536470413208,"orthographic":false}