{"cameraMode":{"drawMode":0,"name":"Shaded","section":"Shading Mode"},"sceneLighting":false,"audioPlay":false,"sceneViewState":{"showFog":true,"showMaterialUpdate":false,"showSkybox":false,"showFlares":true,"showImageEffects":true,"showParticleSystems":true},"in2DMode":false,"pivot":{"x":678.8460693359375,"y":423.5954284667969,"z":17.219566345214845},"rotation":{"x":-0.0003095586725976318,"y":-0.002404504455626011,"z":8.382396572415018e-7,"w":-0.999997079372406},"size":958.992919921875,"orthographic":false}