{"cameraMode":{"drawMode":0,"name":"Shaded","section":"Shading Mode"},"sceneLighting":false,"audioPlay":false,"sceneViewState":{"showFog":true,"showMaterialUpdate":false,"showSkybox":false,"showFlares":true,"showImageEffects":true,"showParticleSystems":true},"in2DMode":false,"pivot":{"x":11.377815246582032,"y":0.47271528840065,"z":-8.003536224365235},"rotation":{"x":-0.22507339715957642,"y":0.666347086429596,"z":-0.22209781408309937,"w":-0.6752748489379883},"size":5.979571342468262,"orthographic":false}