{"cameraMode":{"drawMode":0,"name":"Shaded","section":"Shading Mode"},"sceneLighting":false,"audioPlay":false,"sceneViewState":{"showFog":true,"showMaterialUpdate":false,"showSkybox":false,"showFlares":true,"showImageEffects":true,"showParticleSystems":true},"in2DMode":false,"pivot":{"x":625.6773071289063,"y":398.2283935546875,"z":6.7192816734313969},"rotation":{"x":0.0011903558624908329,"y":0.011095652356743813,"z":0.000013261527783470228,"w":-0.9999377727508545},"size":710.0216064453125,"orthographic":false}