{"cameraMode":{"drawMode":0,"name":"Shaded","section":"Shading Mode"},"sceneLighting":true,"audioPlay":false,"sceneViewState":{"showFog":true,"showMaterialUpdate":false,"showSkybox":true,"showFlares":true,"showImageEffects":true,"showParticleSystems":true},"in2DMode":false,"pivot":{"x":-16.359525680541993,"y":-5.162266254425049,"z":-2.4292423725128176},"rotation":{"x":0.0011898002121597529,"y":0.0020954126957803966,"z":0.0000020124805359955646,"w":-0.9999971389770508},"size":3.3049418926239015,"orthographic":false}