{"cameraMode":{"drawMode":0,"name":"Shaded","section":"Shading Mode"},"sceneLighting":true,"audioPlay":false,"sceneViewState":{"showFog":true,"showMaterialUpdate":false,"showSkybox":true,"showFlares":true,"showImageEffects":true,"showParticleSystems":true},"in2DMode":false,"pivot":{"x":7.953521251678467,"y":-9.370304107666016,"z":6.030428409576416},"rotation":{"x":-0.09569358825683594,"y":-0.7326881289482117,"z":0.10535210371017456,"w":-0.6655162572860718},"size":100.7000503540039,"orthographic":false}