{"cameraMode":{"drawMode":0,"name":"Shaded","section":"Shading Mode"},"sceneLighting":false,"audioPlay":false,"sceneViewState":{"showFog":true,"showMaterialUpdate":false,"showSkybox":false,"showFlares":true,"showImageEffects":true,"showParticleSystems":true},"in2DMode":false,"pivot":{"x":6.724517345428467,"y":-6.114348888397217,"z":-0.8914229869842529},"rotation":{"x":-0.18782518804073335,"y":0.2959011495113373,"z":-0.05946164205670357,"w":-0.9346809983253479},"size":1.6824696063995362,"orthographic":false}