{"cameraMode":{"drawMode":0,"name":"Shaded","section":"Shading Mode"},"sceneLighting":false,"audioPlay":false,"sceneViewState":{"showFog":true,"showMaterialUpdate":false,"showSkybox":false,"showFlares":true,"showImageEffects":true,"showParticleSystems":true},"in2DMode":false,"pivot":{"x":0.6480131149291992,"y":-0.00578540563583374,"z":0.03022114187479019},"rotation":{"x":-0.1684737652540207,"y":-0.20151937007904054,"z":0.035209573805332187,"w":-0.9642441868782044},"size":2.227285385131836,"orthographic":false}