{"cameraMode":{"drawMode":0,"name":"Shaded","section":"Shading Mode"},"sceneLighting":true,"audioPlay":false,"sceneViewState":{"showFog":true,"showMaterialUpdate":false,"showSkybox":true,"showFlares":true,"showImageEffects":true,"showParticleSystems":true},"in2DMode":false,"pivot":{"x":3.0156466960906984,"y":-4.321727275848389,"z":1.944004774093628},"rotation":{"x":-0.0939989984035492,"y":-0.4186031222343445,"z":0.04361187666654587,"w":-0.902238130569458},"size":29.3602294921875,"orthographic":false}