{"cameraMode":{"drawMode":0,"name":"Shaded","section":"Shading Mode"},"sceneLighting":false,"audioPlay":false,"sceneViewState":{"showFog":true,"showMaterialUpdate":false,"showSkybox":false,"showFlares":true,"showImageEffects":true,"showParticleSystems":true},"in2DMode":false,"pivot":{"x":2.5874321460723879,"y":-3.186199426651001,"z":-0.25569862127304079},"rotation":{"x":-0.25635749101638796,"y":-0.7305983304977417,"z":0.3597021698951721,"w":-0.5206931233406067},"size":5.844592094421387,"orthographic":false}