{"cameraMode":{"drawMode":0,"name":"Shaded","section":"Shading Mode"},"sceneLighting":false,"audioPlay":false,"sceneViewState":{"showFog":true,"showMaterialUpdate":false,"showSkybox":false,"showFlares":true,"showImageEffects":true,"showParticleSystems":true},"in2DMode":false,"pivot":{"x":8.233978271484375,"y":-6.017336845397949,"z":-2.2570128440856935},"rotation":{"x":-0.16872602701187135,"y":-0.05556207895278931,"z":0.00952670443803072,"w":-0.9840496778488159},"size":0.48246973752975466,"orthographic":false}