{"cameraMode":{"drawMode":0,"name":"Shaded","section":"Shading Mode"},"sceneLighting":true,"audioPlay":false,"sceneViewState":{"showFog":true,"showMaterialUpdate":false,"showSkybox":true,"showFlares":true,"showImageEffects":true,"showParticleSystems":true},"in2DMode":false,"pivot":{"x":20.068073272705079,"y":-3.918673515319824,"z":69.8697280883789},"rotation":{"x":-0.02447175234556198,"y":0.006971216760575771,"z":-0.00017084642604459077,"w":-0.9996762275695801},"size":113.47550964355469,"orthographic":false}