{"cameraMode":{"drawMode":0,"name":"Shaded","section":"Shading Mode"},"sceneLighting":true,"audioPlay":false,"sceneViewState":{"showFog":true,"showMaterialUpdate":false,"showSkybox":true,"showFlares":true,"showImageEffects":true,"showParticleSystems":true},"in2DMode":false,"pivot":{"x":-4.377859115600586,"y":-3.46506929397583,"z":2.6993162631988527},"rotation":{"x":0.10442198067903519,"y":-0.03818425163626671,"z":-0.004012209828943014,"w":-0.9937916994094849},"size":12.028313636779786,"orthographic":false}