{"cameraMode":{"drawMode":0,"name":"Shaded","section":"Shading Mode"},"sceneLighting":false,"audioPlay":false,"sceneViewState":{"showFog":true,"showMaterialUpdate":false,"showSkybox":false,"showFlares":true,"showImageEffects":true,"showParticleSystems":true},"in2DMode":false,"pivot":{"x":0.08893352746963501,"y":1.0068018436431885,"z":-0.254824697971344},"rotation":{"x":-0.09996877610683441,"y":0.3118491768836975,"z":-0.0330149307847023,"w":-0.9442808628082275},"size":3.330479860305786,"orthographic":false}