{"cameraMode":{"drawMode":0,"name":"Shaded","section":"Shading Mode"},"sceneLighting":false,"audioPlay":false,"sceneViewState":{"showFog":true,"showMaterialUpdate":false,"showSkybox":false,"showFlares":true,"showImageEffects":true,"showParticleSystems":true},"in2DMode":false,"pivot":{"x":0.2560895085334778,"y":1.859499454498291,"z":-8.670036315917969},"rotation":{"x":-0.1365225613117218,"y":0.018794532865285875,"z":-0.0025907086674124004,"w":-0.9904552698135376},"size":2.1887691020965578,"orthographic":false}