{"cameraMode":{"drawMode":0,"name":"Shaded","section":"Shading Mode"},"sceneLighting":true,"audioPlay":false,"sceneViewState":{"showFog":true,"showMaterialUpdate":false,"showSkybox":true,"showFlares":true,"showImageEffects":true,"showParticleSystems":true},"in2DMode":false,"pivot":{"x":1.0515459775924683,"y":-4.746065616607666,"z":0.47506827116012576},"rotation":{"x":-0.048246830701828,"y":-0.042841363698244098,"z":0.002071164781227708,"w":-0.99791419506073},"size":20.353633880615236,"orthographic":false}