{"cameraMode":{"drawMode":0,"name":"Shaded","section":"Shading Mode"},"sceneLighting":false,"audioPlay":false,"sceneViewState":{"showFog":true,"showMaterialUpdate":false,"showSkybox":false,"showFlares":true,"showImageEffects":true,"showParticleSystems":true},"in2DMode":false,"pivot":{"x":0.7174906730651856,"y":-0.1231767013669014,"z":0.7942070364952087},"rotation":{"x":-0.10483232885599137,"y":0.48548194766044619,"z":-0.058773137629032138,"w":-0.8659464716911316},"size":2.2255711555480959,"orthographic":false}