{"cameraMode":{"drawMode":0,"name":"Shaded","section":"Shading Mode"},"sceneLighting":false,"audioPlay":false,"sceneViewState":{"showFog":true,"showMaterialUpdate":false,"showSkybox":false,"showFlares":true,"showImageEffects":true,"showParticleSystems":true},"in2DMode":false,"pivot":{"x":-1.4500000476837159,"y":-6.630000114440918,"z":-2.7899999618530275},"rotation":{"x":-0.18782518804073335,"y":0.2959011495113373,"z":-0.05946164205670357,"w":-0.9346809983253479},"size":1.3766640424728394,"orthographic":false}