{"cameraMode":{"drawMode":0,"name":"Shaded","section":"Shading Mode"},"sceneLighting":false,"audioPlay":false,"sceneViewState":{"showFog":true,"showMaterialUpdate":false,"showSkybox":false,"showFlares":true,"showImageEffects":true,"showParticleSystems":true},"in2DMode":false,"pivot":{"x":1.0354689359664918,"y":1.9716764688491822,"z":0.01969318278133869},"rotation":{"x":-0.052682507783174518,"y":-0.0622757226228714,"z":0.0032918660435825588,"w":-0.9966621398925781},"size":22.0,"orthographic":false}