{"cameraMode":{"drawMode":0,"name":"Shaded","section":"Shading Mode"},"sceneLighting":false,"audioPlay":false,"sceneViewState":{"showFog":true,"showMaterialUpdate":false,"showSkybox":false,"showFlares":true,"showImageEffects":true,"showParticleSystems":true},"in2DMode":false,"pivot":{"x":3.6244046688079836,"y":1.1245512962341309,"z":-0.13236229121685029},"rotation":{"x":-0.053999003022909167,"y":-0.7549179196357727,"z":0.06265927851200104,"w":-0.6505820155143738},"size":16.96959686279297,"orthographic":false}