{"cameraMode":{"drawMode":0,"name":"Shaded","section":"Shading Mode"},"sceneLighting":false,"audioPlay":false,"sceneViewState":{"showFog":true,"showMaterialUpdate":false,"showSkybox":false,"showFlares":true,"showImageEffects":true,"showParticleSystems":true},"in2DMode":false,"pivot":{"x":7.419546604156494,"y":-5.833004951477051,"z":-1.679753303527832},"rotation":{"x":-0.04766757786273956,"y":-0.01408085785806179,"z":-0.0006720434757880867,"w":0.9987637996673584},"size":1.3890690803527833,"orthographic":false}