{"cameraMode":{"drawMode":0,"name":"Shaded","section":"Shading Mode"},"sceneLighting":true,"audioPlay":false,"sceneViewState":{"showFog":true,"showMaterialUpdate":false,"showSkybox":false,"showFlares":true,"showImageEffects":true,"showParticleSystems":true},"in2DMode":false,"pivot":{"x":-0.8552654981613159,"y":-5.348421096801758,"z":-1.755460500717163},"rotation":{"x":-0.01159102562814951,"y":0.3367638885974884,"z":-0.004145769402384758,"w":-0.9415087103843689},"size":5.005526542663574,"orthographic":false}