{"cameraMode":{"drawMode":0,"name":"Shaded","section":"Shading Mode"},"sceneLighting":false,"audioPlay":false,"sceneViewState":{"showFog":true,"showMaterialUpdate":false,"showSkybox":false,"showFlares":true,"showImageEffects":true,"showParticleSystems":true},"in2DMode":false,"pivot":{"x":-3.236546277999878,"y":-4.959373474121094,"z":-4.6100006103515629},"rotation":{"x":-0.0015491723315790296,"y":-0.976479709148407,"z":-0.007020444609224796,"w":0.2154896855354309},"size":22.0,"orthographic":false}