{"cameraMode":{"drawMode":0,"name":"Shaded","section":"Shading Mode"},"sceneLighting":true,"audioPlay":false,"sceneViewState":{"showFog":true,"showMaterialUpdate":false,"showSkybox":true,"showFlares":true,"showImageEffects":true,"showParticleSystems":true},"in2DMode":false,"pivot":{"x":-2.9601104259490969,"y":-1.3668649196624756,"z":-6.330848693847656},"rotation":{"x":0.021308323368430139,"y":0.0039015731308609249,"z":-0.00008322987559949979,"w":0.9997653365135193},"size":16.520755767822267,"orthographic":false}