{"cameraMode":{"drawMode":0,"name":"Shaded","section":"Shading Mode"},"sceneLighting":true,"audioPlay":false,"sceneViewState":{"showFog":true,"showMaterialUpdate":false,"showSkybox":true,"showFlares":true,"showImageEffects":true,"showParticleSystems":true},"in2DMode":false,"pivot":{"x":666.32763671875,"y":471.48974609375,"z":-3.749718189239502},"rotation":{"x":0.014687600545585156,"y":-0.008994920179247857,"z":-0.0001319903676630929,"w":-0.9998517036437988},"size":1079.4267578125,"orthographic":false}