{"cameraMode":{"drawMode":0,"name":"Shaded","section":"Shading Mode"},"sceneLighting":false,"audioPlay":false,"sceneViewState":{"showFog":true,"showMaterialUpdate":false,"showSkybox":false,"showFlares":true,"showImageEffects":true,"showParticleSystems":true},"in2DMode":false,"pivot":{"x":10.546165466308594,"y":1.3665300607681275,"z":-8.060307502746582},"rotation":{"x":0.14157865941524507,"y":-0.6586528420448303,"z":0.12812481820583344,"w":0.7278159260749817},"size":9.457550048828125,"orthographic":false}