{"cameraMode":{"drawMode":0,"name":"Shaded","section":"Shading Mode"},"sceneLighting":false,"audioPlay":false,"sceneViewState":{"showFog":true,"showMaterialUpdate":false,"showSkybox":false,"showFlares":true,"showImageEffects":true,"showParticleSystems":true},"in2DMode":false,"pivot":{"x":13.708864212036133,"y":5.591851711273193,"z":-12.190635681152344},"rotation":{"x":0.12157376110553742,"y":-0.13357417285442353,"z":0.016512954607605935,"w":0.9834150075912476},"size":16.700639724731447,"orthographic":false}