{"cameraMode":{"drawMode":0,"name":"Shaded","section":"Shading Mode"},"sceneLighting":false,"audioPlay":false,"sceneViewState":{"showFog":true,"showMaterialUpdate":false,"showSkybox":false,"showFlares":true,"showImageEffects":true,"showParticleSystems":true},"in2DMode":false,"pivot":{"x":-5.370454788208008,"y":-1.9639577865600587,"z":2.9766669273376467},"rotation":{"x":0.032651811838150027,"y":-0.04345942288637161,"z":-0.0014209571527317167,"w":-0.9985204935073853},"size":19.05959701538086,"orthographic":false}