{"cameraMode":{"drawMode":0,"name":"Shaded","section":"Shading Mode"},"sceneLighting":false,"audioPlay":false,"sceneViewState":{"showFog":true,"showMaterialUpdate":false,"showSkybox":false,"showFlares":true,"showImageEffects":true,"showParticleSystems":true},"in2DMode":false,"pivot":{"x":4.6198015213012699,"y":4.322460651397705,"z":1.0458608865737916},"rotation":{"x":0.09680391848087311,"y":-0.7051700949668884,"z":0.6955077052116394,"w":0.09814883768558502},"size":11.065119743347168,"orthographic":false}