{"cameraMode":{"drawMode":0,"name":"Shaded","section":"Shading Mode"},"sceneLighting":false,"audioPlay":false,"sceneViewState":{"showFog":true,"showMaterialUpdate":false,"showSkybox":false,"showFlares":true,"showImageEffects":true,"showParticleSystems":true},"in2DMode":false,"pivot":{"x":-0.7285791635513306,"y":-5.123165607452393,"z":0.07277059555053711},"rotation":{"x":0.04639873281121254,"y":0.12939541041851045,"z":-0.00606157723814249,"w":0.9904884099960327},"size":7.038121223449707,"orthographic":false}