{"cameraMode":{"drawMode":0,"name":"Shaded","section":"Shading Mode"},"sceneLighting":true,"audioPlay":false,"sceneViewState":{"showFog":true,"showMaterialUpdate":false,"showSkybox":false,"showFlares":true,"showImageEffects":true,"showParticleSystems":true},"in2DMode":false,"pivot":{"x":-7.190000057220459,"y":2.9611496925354006,"z":4.915762901306152},"rotation":{"x":-0.1112428829073906,"y":0.3428160548210144,"z":-0.04092273861169815,"w":-0.9318946599960327},"size":24.40633201599121,"orthographic":false}