{"cameraMode":{"drawMode":0,"name":"Shaded","section":"Shading Mode"},"sceneLighting":true,"audioPlay":false,"sceneViewState":{"showFog":true,"showMaterialUpdate":false,"showSkybox":false,"showFlares":true,"showImageEffects":true,"showParticleSystems":true},"in2DMode":false,"pivot":{"x":5.262262344360352,"y":0.0,"z":-3.731067657470703},"rotation":{"x":0.11094959080219269,"y":-0.048277564346790317,"z":0.005396033637225628,"w":0.992638111114502},"size":104.96819305419922,"orthographic":false}