{"cameraMode":{"drawMode":0,"name":"Shaded","section":"Shading Mode"},"sceneLighting":false,"audioPlay":false,"sceneViewState":{"showFog":true,"showMaterialUpdate":false,"showSkybox":false,"showFlares":true,"showImageEffects":true,"showParticleSystems":true},"in2DMode":false,"pivot":{"x":7.298688888549805,"y":1.369999885559082,"z":-2.526116371154785},"rotation":{"x":-0.09309332072734833,"y":0.0418098159134388,"z":-0.003912574611604214,"w":-0.9947714805603027},"size":40.010372161865237,"orthographic":false}