{"cameraMode":{"drawMode":0,"name":"Shaded","section":"Shading Mode"},"sceneLighting":true,"audioPlay":false,"sceneViewState":{"showFog":true,"showMaterialUpdate":false,"showSkybox":false,"showFlares":true,"showImageEffects":true,"showParticleSystems":true},"in2DMode":false,"pivot":{"x":-6.035029411315918,"y":-3.4694650173187258,"z":-4.6100006103515629},"rotation":{"x":-0.08271476626396179,"y":-0.0059745656326413158,"z":0.0004959914367645979,"w":-0.9965552687644959},"size":40.010372161865237,"orthographic":false}