{"cameraMode":{"drawMode":0,"name":"Shaded","section":"Shading Mode"},"sceneLighting":false,"audioPlay":false,"sceneViewState":{"showFog":true,"showMaterialUpdate":false,"showSkybox":false,"showFlares":true,"showImageEffects":true,"showParticleSystems":true},"in2DMode":false,"pivot":{"x":-0.007831394672393799,"y":-0.00491669774055481,"z":0.5652003884315491},"rotation":{"x":-0.04766757786273956,"y":-0.01408085785806179,"z":-0.0006720434757880867,"w":0.9987637996673584},"size":2.42378568649292,"orthographic":false}