{"cameraMode":{"drawMode":0,"name":"Shaded","section":"Shading Mode"},"sceneLighting":false,"audioPlay":false,"sceneViewState":{"showFog":true,"showMaterialUpdate":false,"showSkybox":false,"showFlares":true,"showImageEffects":true,"showParticleSystems":true},"in2DMode":false,"pivot":{"x":10.23468017578125,"y":1.3057405948638917,"z":-7.30037784576416},"rotation":{"x":0.07492563873529434,"y":-0.010470331646502018,"z":0.0007867642561905086,"w":0.9971338510513306},"size":4.3454976081848148,"orthographic":false}