{"cameraMode":{"drawMode":0,"name":"Shaded","section":"Shading Mode"},"sceneLighting":false,"audioPlay":false,"sceneViewState":{"showFog":true,"showMaterialUpdate":false,"showSkybox":false,"showFlares":true,"showImageEffects":true,"showParticleSystems":true},"in2DMode":false,"pivot":{"x":-11.730518341064454,"y":-4.08964204788208,"z":-2.3216748237609865},"rotation":{"x":-0.022806236520409585,"y":0.013500840403139592,"z":-0.00030792152392677963,"w":-0.9996486902236939},"size":4.623992919921875,"orthographic":false}