{"cameraMode":{"drawMode":0,"name":"Shaded","section":"Shading Mode"},"sceneLighting":true,"audioPlay":false,"sceneViewState":{"showFog":true,"showMaterialUpdate":false,"showSkybox":true,"showFlares":true,"showImageEffects":true,"showParticleSystems":true},"in2DMode":false,"pivot":{"x":6.798605442047119,"y":1.8554316759109498,"z":-3.9027535915374758},"rotation":{"x":-0.1451568603515625,"y":0.043029751628637317,"z":-0.006318871863186359,"w":-0.9884523749351502},"size":16.28849220275879,"orthographic":false}