{"cameraMode":{"drawMode":0,"name":"Shaded","section":"Shading Mode"},"sceneLighting":true,"audioPlay":false,"sceneViewState":{"showFog":true,"showMaterialUpdate":false,"showSkybox":false,"showFlares":true,"showImageEffects":true,"showParticleSystems":true},"in2DMode":false,"pivot":{"x":-0.15152311325073243,"y":0.5367828011512756,"z":-1.2080539464950562},"rotation":{"x":-0.023871617391705514,"y":-0.7937719225883484,"z":0.031219910830259324,"w":-0.6069445013999939},"size":6.931468963623047,"orthographic":false}