{"cameraMode":{"drawMode":0,"name":"Shaded","section":"Shading Mode"},"sceneLighting":true,"audioPlay":false,"sceneViewState":{"showFog":true,"showMaterialUpdate":false,"showSkybox":false,"showFlares":true,"showImageEffects":true,"showParticleSystems":true},"in2DMode":false,"pivot":{"x":0.6234028339385986,"y":0.27524232864379885,"z":3.2936573028564455},"rotation":{"x":-0.13511578738689423,"y":0.13480977714061738,"z":-0.018559284508228303,"w":-0.9814406037330627},"size":11.01401424407959,"orthographic":false}