{"cameraMode":{"drawMode":0,"name":"Shaded","section":"Shading Mode"},"sceneLighting":false,"audioPlay":false,"sceneViewState":{"showFog":true,"showMaterialUpdate":false,"showSkybox":false,"showFlares":true,"showImageEffects":true,"showParticleSystems":true},"in2DMode":false,"pivot":{"x":8.507981300354004,"y":1.2937946319580079,"z":-9.482969284057618},"rotation":{"x":0.03476223722100258,"y":-0.6884902119636536,"z":0.03307291492819786,"w":0.7236567735671997},"size":5.717593193054199,"orthographic":false}