{"cameraMode":{"drawMode":0,"name":"Shaded","section":"Shading Mode"},"sceneLighting":false,"audioPlay":false,"sceneViewState":{"showFog":true,"showMaterialUpdate":false,"showSkybox":false,"showFlares":true,"showImageEffects":true,"showParticleSystems":true},"in2DMode":false,"pivot":{"x":-0.30754783749580386,"y":0.9772770404815674,"z":-0.3609856367111206},"rotation":{"x":-0.017259960994124414,"y":0.6535613536834717,"z":-0.014910565689206124,"w":-0.7565298676490784},"size":5.609705924987793,"orthographic":false}