{"cameraMode":{"drawMode":0,"name":"Shaded","section":"Shading Mode"},"sceneLighting":true,"audioPlay":false,"sceneViewState":{"showFog":true,"showMaterialUpdate":false,"showSkybox":false,"showFlares":true,"showImageEffects":true,"showParticleSystems":true},"in2DMode":false,"pivot":{"x":0.12047353386878967,"y":0.17517690360546113,"z":-2.9198358058929445},"rotation":{"x":-0.09018775820732117,"y":0.002992599969729781,"z":-0.0002709035179577768,"w":-0.9959203004837036},"size":1.9208147525787354,"orthographic":false}