{"cameraMode":{"drawMode":0,"name":"Shaded","section":"Shading Mode"},"sceneLighting":false,"audioPlay":false,"sceneViewState":{"showFog":true,"showMaterialUpdate":false,"showSkybox":false,"showFlares":true,"showImageEffects":true,"showParticleSystems":true},"in2DMode":false,"pivot":{"x":-6.097980976104736,"y":0.2629227638244629,"z":-3.1627862453460695},"rotation":{"x":-0.11065369099378586,"y":0.5249695181846619,"z":-0.06906698644161225,"w":-0.8410663604736328},"size":6.087292671203613,"orthographic":false}