{"cameraMode":{"drawMode":0,"name":"Shaded","section":"Shading Mode"},"sceneLighting":true,"audioPlay":false,"sceneViewState":{"showFog":true,"showMaterialUpdate":false,"showSkybox":true,"showFlares":true,"showImageEffects":true,"showParticleSystems":true},"in2DMode":false,"pivot":{"x":226.87164306640626,"y":311.5276184082031,"z":26.14422607421875},"rotation":{"x":-0.0266571082174778,"y":0.04736793041229248,"z":0.0012645397800952197,"w":0.9985209703445435},"size":1144.6126708984375,"orthographic":false}