{"cameraMode":{"drawMode":0,"name":"Shaded","section":"Shading Mode"},"sceneLighting":false,"audioPlay":false,"sceneViewState":{"showFog":true,"showMaterialUpdate":false,"showSkybox":false,"showFlares":true,"showImageEffects":true,"showParticleSystems":true},"in2DMode":false,"pivot":{"x":0.4653981328010559,"y":0.8678244352340698,"z":0.3232833445072174},"rotation":{"x":-0.08763124793767929,"y":0.8320687413215637,"z":-0.1375349909067154,"w":-0.5301570892333984},"size":8.735575675964356,"orthographic":false}