{"cameraMode":{"drawMode":0,"name":"Shaded","section":"Shading Mode"},"sceneLighting":true,"audioPlay":false,"sceneViewState":{"showFog":true,"showMaterialUpdate":false,"showSkybox":false,"showFlares":true,"showImageEffects":true,"showParticleSystems":true},"in2DMode":false,"pivot":{"x":4.491983413696289,"y":2.4438138008117677,"z":-7.4664812088012699},"rotation":{"x":-0.11160443723201752,"y":0.29918113350868227,"z":-0.03525881841778755,"w":-0.9469910264015198},"size":-1.0930540561676026,"orthographic":false}