{"cameraMode":{"drawMode":0,"name":"Shaded","section":"Shading Mode"},"sceneLighting":false,"audioPlay":false,"sceneViewState":{"showFog":true,"showMaterialUpdate":false,"showSkybox":false,"showFlares":true,"showImageEffects":true,"showParticleSystems":true},"in2DMode":false,"pivot":{"x":-0.7675888538360596,"y":0.44482842087745669,"z":1.8346105813980103},"rotation":{"x":-0.054734647274017337,"y":-0.5334446430206299,"z":0.034621406346559528,"w":-0.8433519005775452},"size":8.271742820739746,"orthographic":false}