{"cameraMode":{"drawMode":0,"name":"Shaded","section":"Shading Mode"},"sceneLighting":true,"audioPlay":false,"sceneViewState":{"showFog":true,"showMaterialUpdate":false,"showSkybox":false,"showFlares":true,"showImageEffects":true,"showParticleSystems":true},"in2DMode":false,"pivot":{"x":9.23397445678711,"y":1.880000114440918,"z":-5.803704261779785},"rotation":{"x":-0.1451568603515625,"y":0.043029751628637317,"z":-0.006318871863186359,"w":-0.9884523749351502},"size":9.491883277893067,"orthographic":false}