{"cameraMode":{"drawMode":0,"name":"Shaded","section":"Shading Mode"},"sceneLighting":true,"audioPlay":false,"sceneViewState":{"showFog":true,"showMaterialUpdate":false,"showSkybox":false,"showFlares":true,"showImageEffects":true,"showParticleSystems":true},"in2DMode":false,"pivot":{"x":3.137706756591797,"y":-1.1338372230529786,"z":0.13544130325317384},"rotation":{"x":-0.18173086643218995,"y":-0.5196309089660645,"z":0.11418837308883667,"w":-0.8269937038421631},"size":19.5364933013916,"orthographic":false}