{"cameraMode":{"drawMode":0,"name":"Shaded","section":"Shading Mode"},"sceneLighting":true,"audioPlay":false,"sceneViewState":{"showFog":true,"showMaterialUpdate":false,"showSkybox":false,"showFlares":true,"showImageEffects":true,"showParticleSystems":true},"in2DMode":false,"pivot":{"x":-0.6015872955322266,"y":-6.211724281311035,"z":-1.5748627185821534},"rotation":{"x":-0.01159102562814951,"y":0.3367638885974884,"z":-0.004145769402384758,"w":-0.9415087103843689},"size":1.461028814315796,"orthographic":false}