{"cameraMode":{"drawMode":0,"name":"Shaded","section":"Shading Mode"},"sceneLighting":false,"audioPlay":false,"sceneViewState":{"showFog":true,"showMaterialUpdate":false,"showSkybox":false,"showFlares":true,"showImageEffects":true,"showParticleSystems":true},"in2DMode":false,"pivot":{"x":4.28028678894043,"y":1.27797269821167,"z":4.879849433898926},"rotation":{"x":-0.03534086421132088,"y":0.9107078909873962,"z":-0.07971696555614472,"w":-0.40374189615249636},"size":-0.9000563025474548,"orthographic":false}