{"cameraMode":{"drawMode":0,"name":"Shaded","section":"Shading Mode"},"sceneLighting":false,"audioPlay":false,"sceneViewState":{"showFog":true,"showMaterialUpdate":false,"showSkybox":false,"showFlares":true,"showImageEffects":true,"showParticleSystems":true},"in2DMode":false,"pivot":{"x":5.875426769256592,"y":0.49312275648117068,"z":-4.199100494384766},"rotation":{"x":-0.2057189792394638,"y":0.16642308235168458,"z":-0.035525813698768619,"w":-0.9637017846107483},"size":9.321712493896485,"orthographic":false}