{"cameraMode":{"drawMode":0,"name":"Shaded","section":"Shading Mode"},"sceneLighting":true,"audioPlay":false,"sceneViewState":{"showFog":true,"showMaterialUpdate":false,"showSkybox":false,"showFlares":true,"showImageEffects":true,"showParticleSystems":true},"in2DMode":false,"pivot":{"x":0.4824795722961426,"y":1.2872834205627442,"z":-0.5438235998153687},"rotation":{"x":-0.052040524780750278,"y":-0.617660403251648,"z":0.041017744690179828,"w":-0.7836484909057617},"size":10.412762641906739,"orthographic":false}