{"cameraMode":{"drawMode":0,"name":"Shaded","section":"Shading Mode"},"sceneLighting":true,"audioPlay":false,"sceneViewState":{"showFog":true,"showMaterialUpdate":false,"showSkybox":false,"showFlares":true,"showImageEffects":true,"showParticleSystems":true},"in2DMode":false,"pivot":{"x":-0.3965742588043213,"y":0.09194651991128922,"z":-0.6479678153991699},"rotation":{"x":-0.0986122116446495,"y":-0.7734054327011108,"z":0.12426602840423584,"w":-0.6137407422065735},"size":2.687476396560669,"orthographic":false}