{"cameraMode":{"drawMode":0,"name":"Shaded","section":"Shading Mode"},"sceneLighting":false,"audioPlay":false,"sceneViewState":{"showFog":true,"showMaterialUpdate":false,"showSkybox":false,"showFlares":true,"showImageEffects":true,"showParticleSystems":true},"in2DMode":false,"pivot":{"x":2.9392523765563967,"y":-0.034279800951480868,"z":-2.752139091491699},"rotation":{"x":-0.1252712458372116,"y":-0.3916987180709839,"z":0.05392586439847946,"w":-0.9099292755126953},"size":18.992393493652345,"orthographic":false}