{"cameraMode":{"drawMode":0,"name":"Shaded","section":"Shading Mode"},"sceneLighting":true,"audioPlay":false,"sceneViewState":{"showFog":true,"showMaterialUpdate":false,"showSkybox":false,"showFlares":true,"showImageEffects":true,"showParticleSystems":true},"in2DMode":false,"pivot":{"x":6.468218803405762,"y":2.987943410873413,"z":-6.2103166580200199},"rotation":{"x":-0.08408085256814957,"y":0.19305846095085145,"z":-0.01660706102848053,"w":-0.9774370193481445},"size":9.491883277893067,"orthographic":false}