{"cameraMode":{"drawMode":0,"name":"Shaded","section":"Shading Mode"},"sceneLighting":true,"audioPlay":false,"sceneViewState":{"showFog":true,"showMaterialUpdate":false,"showSkybox":false,"showFlares":true,"showImageEffects":true,"showParticleSystems":true},"in2DMode":false,"pivot":{"x":2.0144975185394289,"y":0.968834638595581,"z":-4.025418758392334},"rotation":{"x":0.10873351246118546,"y":-0.12401977926492691,"z":0.013673605397343636,"w":0.986209511756897},"size":1.2640001773834229,"orthographic":false}