{"cameraMode":{"drawMode":0,"name":"Shaded","section":"Shading Mode"},"sceneLighting":true,"audioPlay":false,"sceneViewState":{"showFog":true,"showMaterialUpdate":false,"showSkybox":true,"showFlares":true,"showImageEffects":true,"showParticleSystems":true},"in2DMode":false,"pivot":{"x":649.8705444335938,"y":409.0715026855469,"z":12.5562744140625},"rotation":{"x":0.014687535353004933,"y":-0.005995603743940592,"z":-0.00008800779323792085,"w":-0.9998741745948792},"size":854.8209228515625,"orthographic":false}