{"cameraMode":{"drawMode":0,"name":"Shaded","section":"Shading Mode"},"sceneLighting":true,"audioPlay":false,"sceneViewState":{"showFog":true,"showMaterialUpdate":false,"showSkybox":false,"showFlares":true,"showImageEffects":true,"showParticleSystems":true},"in2DMode":false,"pivot":{"x":1.2128198146820069,"y":0.8447712659835815,"z":-3.8368968963623049},"rotation":{"x":-0.08409503102302551,"y":-0.05228467658162117,"z":0.00441873911768198,"w":-0.9950753450393677},"size":3.0969343185424806,"orthographic":false}