{"cameraMode":{"drawMode":0,"name":"Shaded","section":"Shading Mode"},"sceneLighting":false,"audioPlay":false,"sceneViewState":{"showFog":true,"showMaterialUpdate":false,"showSkybox":false,"showFlares":true,"showImageEffects":true,"showParticleSystems":true},"in2DMode":false,"pivot":{"x":-0.1899999976158142,"y":0.1350000500679016,"z":4.130000114440918},"rotation":{"x":-0.09309332072734833,"y":0.0418098159134388,"z":-0.003912574611604214,"w":-0.9947714805603027},"size":9.448695182800293,"orthographic":false}