{"cameraMode":{"drawMode":0,"name":"Shaded","section":"Shading Mode"},"sceneLighting":false,"audioPlay":false,"sceneViewState":{"showFog":true,"showMaterialUpdate":false,"showSkybox":false,"showFlares":true,"showImageEffects":true,"showParticleSystems":true},"in2DMode":false,"pivot":{"x":7.809332847595215,"y":1.4700002670288087,"z":-1.2931251525878907},"rotation":{"x":-0.09309332072734833,"y":0.0418098159134388,"z":-0.003912574611604214,"w":-0.9947714805603027},"size":8.561156272888184,"orthographic":false}